{"epoch": 41, "loss": 1322.3245178461075, "val_loss": 2.264183282852173, "val_accu": 0.36188050988801523, "_timestamp": 1690309528.351108, "_runtime": 177.8730890750885, "_step": 41}